{
  "training_file": "C:\\Users\\crist\\Documents\\GitHub\\Ontology-Tradecraft\\Ontology-Tradecraft\\projects\\project-5\\assignment\\src\\train.ttl",
  "validation_file": "C:\\Users\\crist\\Documents\\GitHub\\Ontology-Tradecraft\\Ontology-Tradecraft\\projects\\project-5\\assignment\\src\\valid.ttl",
  "enriched_training_file": "C:\\Users\\crist\\Documents\\GitHub\\Ontology-Tradecraft\\Ontology-Tradecraft\\projects\\project-5\\assignment\\src\\train_enriched.ttl",
  "axioms_added_by_enrichment": 48,
  "n_classes": 92,
  "n_valid_pairs": 19,
  "hyperparameters": {
    "embedding_dim": 100,
    "epochs": 1000,
    "learning_rate": 0.01,
    "dropout": 0.1,
    "regularization": 0.01
  },
  "all_similarities": {
    "mean": 0.3289135861161508,
    "std": 0.35322848846120364,
    "min": -0.01762680895626545,
    "max": 0.9260943531990051
  },
  "optimal_threshold_search": {
    "threshold": 0.6,
    "mean_cos": 0.8369834224383036,
    "std_cos": 0.05077766457933369,
    "min_cos": 0.755789041519165,
    "max_cos": 0.9260943531990051,
    "n_above_threshold": 6,
    "n_total": 19,
    "fraction_above": 0.3157894736842105
  },
  "similarities": [
    0.05303024500608444,
    0.1492837816476822,
    0.06167907640337944,
    0.755789041519165,
    0.8482496738433838,
    0.1313033103942871,
    0.8094770312309265,
    -0.01762680895626545,
    0.26821643114089966,
    0.16582459211349487,
    0.009925246238708496,
    0.01983468234539032,
    0.9260943531990051,
    0.04064176231622696,
    0.8442087769508362,
    0.15146715939044952,
    0.8380816578865051,
    0.19087092578411102,
    0.003007197752594948
  ]
}